{
	"leaderboard_item_arr": [
		{
			"gamer_name_str": "hooper",
			"gamer_id_str": "a448",
			"score_int": 3004,
			"rank_int": 1,
			"tag_str_arr": [
				"not registered",
				"top gamer"
			],
			"special_int": 1
		},
		{
			"gamer_name_str": "mattie",
			"gamer_id_str": "a455",
			"score_int": 2468,
			"rank_int": 2,
			"tag_str_arr": [
				"not registered",
				"top gamer"
			],
			"special_int": 1
		},
		{
			"gamer_name_str": "cunningham",
			"gamer_id_str": "a452",
			"score_int": 1201,
			"rank_int": 3,
			"tag_str_arr": [
				"not registered",
				"top gamer"
			],
			"special_int": 1
		},
		{
			"gamer_name_str": "nixon",
			"gamer_id_str": "a444",
			"score_int": 1129,
			"rank_int": 4,
			"tag_str_arr": [
				"not registered",
				"top gamer"
			],
			"special_int": 1
		},
		{
			"gamer_name_str": "miles",
			"gamer_id_str": "a463",
			"score_int": 1019,
			"rank_int": 5,
			"tag_str_arr": [
				"not registered",
				"top gamer"
			],
			"special_int": 1
		},
		{
			"gamer_name_str": "parks",
			"gamer_id_str": "a465",
			"score_int": 1005,
			"rank_int": 6,
			"tag_str_arr": [
				"not registered",
				"top gamer"
			],
			"special_int": 1
		},
		{
			"gamer_name_str": "vanilla glazed doughnut",
			"gamer_id_str": "a453",
			"score_int": 999,
			"rank_int": 7,
			"tag_str_arr": [
				"not registered"
			]
		},
		{
			"gamer_name_str": "boston cream doughnut",
			"gamer_id_str": "a458",
			"score_int": 997,
			"rank_int": 8,
			"tag_str_arr": [
				"not registered"
			]
		},
		{
			"gamer_name_str": "bernadine",
			"gamer_id_str": "a450",
			"score_int": 995,
			"rank_int": 9,
			"tag_str_arr": [
				"not registered"
			]
		},
		{
			"gamer_name_str": "peanutbutter and chocolate cupcake",
			"gamer_id_str": "a451",
			"score_int": 990,
			"rank_int": 10,
			"tag_str_arr": [
				"not registered"
			]
		},
		{
			"gamer_name_str": "poppy seed bagel",
			"gamer_id_str": "a466",
			"score_int": 985,
			"rank_int": 11,
			"tag_str_arr": [
				"not registered"
			]
		},
		{
			"gamer_name_str": "cinnamon doughnut",
			"gamer_id_str": "a454",
			"score_int": 980,
			"rank_int": 12,
			"tag_str_arr": [
				"not registered"
			]
		},
		{
			"gamer_name_str": "lemon pie",
			"gamer_id_str": "a461",
			"score_int": 970,
			"rank_int": 13,
			"tag_str_arr": [
				"not registered"
			]
		},
		{
			"gamer_name_str": "chocolate iced doughnut",
			"gamer_id_str": "a464",
			"score_int": 962,
			"rank_int": 14,
			"tag_str_arr": [
				"not registered"
			]
		},
		{
			"gamer_name_str": "garlic bagel",
			"gamer_id_str": "a467",
			"score_int": 955,
			"rank_int": 15,
			"tag_str_arr": [
				"not registered"
			]
		},
		{
			"gamer_name_str": "chocolate cake slice",
			"gamer_id_str": "a445",
			"score_int": 950,
			"rank_int": 16,
			"tag_str_arr": [
				"not registered"
			]
		},
		{
			"gamer_name_str": "blueberry bagel",
			"gamer_id_str": "a467",
			"score_int": 874,
			"rank_int": 17,
			"tag_str_arr": [
				"not registered"
			]
		},
		{
			"gamer_name_str": "chocolate cake",
			"gamer_id_str": "a446",
			"score_int": 715,
			"rank_int": 18,
			"tag_str_arr": [
				"not registered"
			]
		},
		{
			"gamer_name_str": "powdered sugar doughnut",
			"gamer_id_str": "a456",
			"score_int": 603,
			"rank_int": 19,
			"tag_str_arr": [
				"not registered"
			]
		},
		{
			"gamer_name_str": "chocolate doughnut",
			"gamer_id_str": "a455",
			"score_int": 502,
			"rank_int": 20,
			"tag_str_arr": [
				"not registered"
			]
		},
		{
			"gamer_name_str": "lemon pie slice",
			"gamer_id_str": "a460",
			"score_int": 494,
			"rank_int": 21,
			"tag_str_arr": [
				"not registered"
			]
		},
		{
			"gamer_name_str": "cherry pie slice",
			"gamer_id_str": "a462",
			"score_int": 395,
			"rank_int": 22,
			"tag_str_arr": [
				"not registered"
			]
		},
		{
			"gamer_name_str": "eclair",
			"gamer_id_str": "a459",
			"score_int": 200,
			"rank_int": 23,
			"tag_str_arr": [
				"not registered"
			]
		},
		{
			"gamer_name_str": "vanilla cupcake",
			"gamer_id_str": "a449",
			"score_int": 150,
			"rank_int": 24,
			"tag_str_arr": [
				"not registered"
			]
		},
		{
			"gamer_name_str": "raspberry jelly doughnut",
			"gamer_id_str": "a457",
			"score_int": 101,
			"rank_int": 25,
			"tag_str_arr": [
				"not registered"
			]
		}
	]
}